
--Users
INSERT INTO EOTM_USER (ID,EMAIL, PASSWORD) VALUES (1, 'test', '$2a$10$a4MYVw0l7C.FK1zRQ1C0oeFWVY379hRMS/xpZ78cwe1STQm147Cai'); --pw:test

--Currencies
INSERT INTO EOTM_CURRENCY (ID,NAME) VALUES ('EUR', 'euro');
INSERT INTO EOTM_CURRENCY (ID,NAME) VALUES ('USD', 'US dollar');
INSERT INTO EOTM_CURRENCY (ID,NAME) VALUES ('HUF', 'forint');

--Coins
INSERT INTO EOTM_COIN (ID,NAME,SYMBOL) VALUES ('polkadot', 'Polkadot', 'dot');
INSERT INTO EOTM_COIN (ID,NAME,SYMBOL) VALUES ('bitcoin', 'Bitcoin', 'btc');
INSERT INTO EOTM_COIN (ID,NAME,SYMBOL) VALUES ('cardano', 'Cardano', 'ada');
INSERT INTO EOTM_COIN (ID,NAME,SYMBOL) VALUES ('ethereum', 'Ethereum', 'eth');

--Stocks
INSERT INTO EOTM_STOCK (ID,NAME,SHORT_NAME) VALUES ('crsr', 'Corsair Gaming Inc', 'CRSR');
INSERT INTO EOTM_STOCK (ID,NAME,SHORT_NAME) VALUES ('amd', 'Advanced Micro Services', 'AMD');
INSERT INTO EOTM_STOCK  (ID,NAME,SHORT_NAME) VALUES ('fqa', 'FUTURAQUA', 'FUTURAQUA');
INSERT INTO EOTM_STOCK (ID,NAME,SHORT_NAME) VALUES ('nclh', 'Norwegian Cruise Line', 'NCLH');
INSERT INTO EOTM_STOCK (ID,NAME,SHORT_NAME) VALUES ('pltr', 'Palantir Technologies Inc', 'PLTR');
INSERT INTO EOTM_STOCK (ID,NAME,SHORT_NAME) VALUES ('sndl', 'Sundial Growers Inc', 'SNDL');
INSERT INTO EOTM_STOCK (ID,NAME,SHORT_NAME) VALUES ('nok', 'Nokia Oyj', 'NOK');
INSERT INTO EOTM_STOCK (ID,NAME,SHORT_NAME) VALUES ('mtelekom', 'Magyar Telekom Tavkozlesi Nyrt', 'MTELEKOM');

--Payments
INSERT INTO EOTM_COIN_PAYMENT (ID,AMOUNT,CURRENCY_ID) VALUES (1, 10.123, 'EUR');
INSERT INTO EOTM_COIN_PAYMENT (ID,AMOUNT,CURRENCY_ID) VALUES (2, 5.66, 'EUR');
INSERT INTO EOTM_COIN_PAYMENT (ID,AMOUNT,CURRENCY_ID) VALUES (3, 155.66, 'USD');

--Stock Payments
INSERT INTO EOTM_STOCK_PAYMENT (ID,AMOUNT,CURRENCY_ID) VALUES (1, 329.60, 'USD');
INSERT INTO EOTM_STOCK_PAYMENT (ID,AMOUNT,CURRENCY_ID) VALUES (2, 744.17, 'USD');
INSERT INTO EOTM_STOCK_PAYMENT (ID,AMOUNT,CURRENCY_ID) VALUES (3, 7616, 'HUF');
INSERT INTO EOTM_STOCK_PAYMENT (ID,AMOUNT,CURRENCY_ID) VALUES (4, 818.40, 'USD');
INSERT INTO EOTM_STOCK_PAYMENT (ID,AMOUNT,CURRENCY_ID) VALUES (5, 74.44, 'USD');
INSERT INTO EOTM_STOCK_PAYMENT (ID,AMOUNT,CURRENCY_ID) VALUES (6, 53.04, 'USD');
INSERT INTO EOTM_STOCK_PAYMENT (ID,AMOUNT,CURRENCY_ID) VALUES (7, 12.10, 'USD');
INSERT INTO EOTM_STOCK_PAYMENT (ID,AMOUNT,CURRENCY_ID) VALUES (8, 39.20, 'USD');
INSERT INTO EOTM_STOCK_PAYMENT (ID,AMOUNT,CURRENCY_ID) VALUES (9, 6127.5, 'HUF');
INSERT INTO EOTM_STOCK_PAYMENT (ID,AMOUNT,CURRENCY_ID) VALUES (10, 14.10, 'USD');
INSERT INTO EOTM_STOCK_PAYMENT (ID,AMOUNT,CURRENCY_ID) VALUES (11, 12.22, 'USD');
INSERT INTO EOTM_STOCK_PAYMENT (ID,AMOUNT,CURRENCY_ID) VALUES (12, 293.94, 'USD');
INSERT INTO EOTM_STOCK_PAYMENT (ID,AMOUNT,CURRENCY_ID) VALUES (13, 32.32, 'USD');
INSERT INTO EOTM_STOCK_PAYMENT (ID,AMOUNT,CURRENCY_ID) VALUES (14, 323.95, 'USD');
INSERT INTO EOTM_STOCK_PAYMENT (ID,AMOUNT,CURRENCY_ID) VALUES (15, 10.68, 'USD');
INSERT INTO EOTM_STOCK_PAYMENT (ID,AMOUNT,CURRENCY_ID) VALUES (16, 90.67, 'USD');
INSERT INTO EOTM_STOCK_PAYMENT (ID,AMOUNT,CURRENCY_ID) VALUES (17, 6555, 'HUF');
INSERT INTO EOTM_STOCK_PAYMENT (ID,AMOUNT,CURRENCY_ID) VALUES (18, 56.6, 'USD');
INSERT INTO EOTM_STOCK_PAYMENT (ID,AMOUNT,CURRENCY_ID) VALUES (19, 595.98, 'USD');

--Coin Transactions
INSERT INTO EOTM_COIN_TRANSACTION (ID,BUY_SELL,CREATION_DATE,QUANTITY,TRANSACTION_STRING,COIN_ID,PAYMENT_ID,USER_ID,TRANSACTION_DATE)
VALUES (1,'B',CURRENT_TIMESTAMP(),6.77,'Hadwd23HD231','polkadot',1,1,CURRENT_TIMESTAMP());
INSERT INTO EOTM_COIN_TRANSACTION (ID,BUY_SELL,CREATION_DATE,QUANTITY,TRANSACTION_STRING,COIN_ID,PAYMENT_ID,USER_ID,TRANSACTION_DATE)
VALUES (2,'B',CURRENT_TIMESTAMP(),96.23,'f44FFFFweqcawd34','cardano',2,1,CURRENT_TIMESTAMP());
INSERT INTO EOTM_COIN_TRANSACTION (ID,BUY_SELL,CREATION_DATE,QUANTITY,TRANSACTION_STRING,COIN_ID,PAYMENT_ID,USER_ID,TRANSACTION_DATE)
VALUES (3,'B',CURRENT_TIMESTAMP(),101.22,'kjZhfef321Jzh','polkadot',3,1,CURRENT_TIMESTAMP());

--Stock Investments
INSERT INTO EOTM_STOCK_INVESTMENT (ID,BUY_SELL,CREATION_DATE,QUANTITY,STOCK_ID,STOCK_PAYMENT_ID,USER_ID,TRANSACTION_DATE)
VALUES (1,'B',CURRENT_TIMESTAMP(),10,'crsr',1,1,{ts '2021-05-05 16:04:25.00'});
INSERT INTO EOTM_STOCK_INVESTMENT (ID,BUY_SELL,CREATION_DATE,QUANTITY,STOCK_ID,STOCK_PAYMENT_ID,USER_ID,TRANSACTION_DATE)
VALUES (2,'B',CURRENT_TIMESTAMP(),3,'amd',2,1,CURRENT_TIMESTAMP());
INSERT INTO EOTM_STOCK_INVESTMENT (ID,BUY_SELL,CREATION_DATE,QUANTITY,STOCK_ID,STOCK_PAYMENT_ID,USER_ID,TRANSACTION_DATE)
VALUES (3,'B',CURRENT_TIMESTAMP(),136,'fqa',3,1,CURRENT_TIMESTAMP());
INSERT INTO EOTM_STOCK_INVESTMENT (ID,BUY_SELL,CREATION_DATE,QUANTITY,STOCK_ID,STOCK_PAYMENT_ID,USER_ID,TRANSACTION_DATE)
VALUES (4,'B',CURRENT_TIMESTAMP(),22,'crsr',4,1,{ts '2021-03-02 16:07:12.00'});
INSERT INTO EOTM_STOCK_INVESTMENT (ID,BUY_SELL,CREATION_DATE,QUANTITY,STOCK_ID,STOCK_PAYMENT_ID,USER_ID,TRANSACTION_DATE)
VALUES (5,'B',CURRENT_TIMESTAMP(),2,'crsr',5,1,{ts '2021-02-23 16:12:26.00'});
INSERT INTO EOTM_STOCK_INVESTMENT (ID,BUY_SELL,CREATION_DATE,QUANTITY,STOCK_ID,STOCK_PAYMENT_ID,USER_ID,TRANSACTION_DATE)
VALUES (6,'B',CURRENT_TIMESTAMP(),2,'pltr',6,1,{ts '2021-02-23 00:00:00.00'});
INSERT INTO EOTM_STOCK_INVESTMENT (ID,BUY_SELL,CREATION_DATE,QUANTITY,STOCK_ID,STOCK_PAYMENT_ID,USER_ID,TRANSACTION_DATE)
VALUES (7,'B',CURRENT_TIMESTAMP(),10,'sndl',7,1,{ts '2021-02-23 00:00:00.00'});
INSERT INTO EOTM_STOCK_INVESTMENT (ID,BUY_SELL,CREATION_DATE,QUANTITY,STOCK_ID,STOCK_PAYMENT_ID,USER_ID,TRANSACTION_DATE)
VALUES (8,'B',CURRENT_TIMESTAMP(),10,'nok',8,1,{ts '2021-02-23 00:00:00.00'});
INSERT INTO EOTM_STOCK_INVESTMENT (ID,BUY_SELL,CREATION_DATE,QUANTITY,STOCK_ID,STOCK_PAYMENT_ID,USER_ID,TRANSACTION_DATE)
VALUES (9,'B',CURRENT_TIMESTAMP(),15,'mtelekom',9,1,{ts '2021-02-24 00:00:00.00'});
INSERT INTO EOTM_STOCK_INVESTMENT (ID,BUY_SELL,CREATION_DATE,QUANTITY,STOCK_ID,STOCK_PAYMENT_ID,USER_ID,TRANSACTION_DATE)
VALUES (10,'S',CURRENT_TIMESTAMP(),10,'sndl',10,1,{ts '2021-02-25 00:00:00.00'});
INSERT INTO EOTM_STOCK_INVESTMENT (ID,BUY_SELL,CREATION_DATE,QUANTITY,STOCK_ID,STOCK_PAYMENT_ID,USER_ID,TRANSACTION_DATE)
VALUES (11,'B',CURRENT_TIMESTAMP(),3,'nok',11,1,{ts '2021-02-25 00:00:00.00'});
INSERT INTO EOTM_STOCK_INVESTMENT (ID,BUY_SELL,CREATION_DATE,QUANTITY,STOCK_ID,STOCK_PAYMENT_ID,USER_ID,TRANSACTION_DATE)
VALUES (12,'B',CURRENT_TIMESTAMP(),9,'nclh',12,1,{ts '2021-04-07 00:00:00.00'});
INSERT INTO EOTM_STOCK_INVESTMENT (ID,BUY_SELL,CREATION_DATE,QUANTITY,STOCK_ID,STOCK_PAYMENT_ID,USER_ID,TRANSACTION_DATE)
VALUES (13,'B',CURRENT_TIMESTAMP(),1,'nclh',13,1,{ts '2021-04-07 00:00:00.00'});
INSERT INTO EOTM_STOCK_INVESTMENT (ID,BUY_SELL,CREATION_DATE,QUANTITY,STOCK_ID,STOCK_PAYMENT_ID,USER_ID,TRANSACTION_DATE)
VALUES (14,'B',CURRENT_TIMESTAMP(),11,'nclh',14,1,{ts '2021-07-01 00:00:00.00'});
INSERT INTO EOTM_STOCK_INVESTMENT (ID,BUY_SELL,CREATION_DATE,QUANTITY,STOCK_ID,STOCK_PAYMENT_ID,USER_ID,TRANSACTION_DATE)
VALUES (15,'B',CURRENT_TIMESTAMP(),2,'nok',15,1,{ts '2021-07-01 00:00:00.00'});
INSERT INTO EOTM_STOCK_INVESTMENT (ID,BUY_SELL,CREATION_DATE,QUANTITY,STOCK_ID,STOCK_PAYMENT_ID,USER_ID,TRANSACTION_DATE)
VALUES (16,'S',CURRENT_TIMESTAMP(),15,'nok',16,1,{ts '2021-09-02 00:00:00.00'});
INSERT INTO EOTM_STOCK_INVESTMENT (ID,BUY_SELL,CREATION_DATE,QUANTITY,STOCK_ID,STOCK_PAYMENT_ID,USER_ID,TRANSACTION_DATE)
VALUES (17,'S',CURRENT_TIMESTAMP(),15,'mtelekom',17,1,{ts '2021-09-03 00:00:00.00'});
INSERT INTO EOTM_STOCK_INVESTMENT (ID,BUY_SELL,CREATION_DATE,QUANTITY,STOCK_ID,STOCK_PAYMENT_ID,USER_ID,TRANSACTION_DATE)
VALUES (18,'S',CURRENT_TIMESTAMP(),2,'pltr',18,1,{ts '2021-09-16 00:00:00.00'});
INSERT INTO EOTM_STOCK_INVESTMENT (ID,BUY_SELL,CREATION_DATE,QUANTITY,STOCK_ID,STOCK_PAYMENT_ID,USER_ID,TRANSACTION_DATE)
VALUES (19,'S',CURRENT_TIMESTAMP(),21,'nclh',19,1,{ts '2021-11-08 00:00:00.00'});


--Configs
INSERT INTO EOTM_CONFIG (CONFIG_KEY,CONFIG_VALUE) VALUES ('COIN_GECKO_URL', 'https://api.coingecko.com/api/v3/');